{
  "SOAP API-DIVIDE" : {
    "transaction" : "SOAP API-DIVIDE",
    "sampleCount" : 500,
    "errorCount" : 0,
    "errorPct" : 0.0,
    "meanResTime" : 261.0739999999999,
    "medianResTime" : 259.0,
    "minResTime" : 245.0,
    "maxResTime" : 343.0,
    "pct1ResTime" : 272.0,
    "pct2ResTime" : 278.0,
    "pct3ResTime" : 291.99,
    "throughput" : 50.200803212851405,
    "receivedKBytesPerSec" : 29.31648468875502,
    "sentKBytesPerSec" : 29.31648468875502
  },
  "SOAP API-ADD" : {
    "transaction" : "SOAP API-ADD",
    "sampleCount" : 500,
    "errorCount" : 0,
    "errorPct" : 0.0,
    "meanResTime" : 521.5040000000005,
    "medianResTime" : 517.0,
    "minResTime" : 486.0,
    "maxResTime" : 1103.0,
    "pct1ResTime" : 542.0,
    "pct2ResTime" : 557.0,
    "pct3ResTime" : 608.0,
    "throughput" : 48.62394242925217,
    "receivedKBytesPerSec" : 27.92077944179714,
    "sentKBytesPerSec" : 27.96826376057571
  },
  "Total" : {
    "transaction" : "Total",
    "sampleCount" : 2000,
    "errorCount" : 0,
    "errorPct" : 0.0,
    "meanResTime" : 326.97199999999964,
    "medianResTime" : 263.0,
    "minResTime" : 243.0,
    "maxResTime" : 1103.0,
    "pct1ResTime" : 521.0,
    "pct2ResTime" : 531.0,
    "pct3ResTime" : 568.94,
    "throughput" : 180.39144944529627,
    "receivedKBytesPerSec" : 105.78619667177776,
    "sentKBytesPerSec" : 105.47791050329215
  },
  "Transaction Controller" : {
    "transaction" : "Transaction Controller",
    "sampleCount" : 500,
    "errorCount" : 0,
    "errorPct" : 0.0,
    "meanResTime" : 1307.888,
    "medianResTime" : 1298.0,
    "minResTime" : 1223.0,
    "maxResTime" : 2574.0,
    "pct1ResTime" : 1356.9,
    "pct2ResTime" : 1387.0,
    "pct3ResTime" : 1426.8600000000001,
    "throughput" : 44.33410179109771,
    "receivedKBytesPerSec" : 103.994641115446,
    "sentKBytesPerSec" : 103.69157596648341
  },
  "SOAP API-MULTIPLY" : {
    "transaction" : "SOAP API-MULTIPLY",
    "sampleCount" : 500,
    "errorCount" : 0,
    "errorPct" : 0.0,
    "meanResTime" : 262.8540000000001,
    "medianResTime" : 259.0,
    "minResTime" : 244.0,
    "maxResTime" : 883.0,
    "pct1ResTime" : 271.0,
    "pct2ResTime" : 278.0,
    "pct3ResTime" : 291.99,
    "throughput" : 50.3068719187041,
    "receivedKBytesPerSec" : 29.918833006338666,
    "sentKBytesPerSec" : 29.67319398329812
  },
  "SOAP API-SUBTRACT" : {
    "transaction" : "SOAP API-SUBTRACT",
    "sampleCount" : 500,
    "errorCount" : 0,
    "errorPct" : 0.0,
    "meanResTime" : 262.4560000000001,
    "medianResTime" : 260.0,
    "minResTime" : 243.0,
    "maxResTime" : 888.0,
    "pct1ResTime" : 272.0,
    "pct2ResTime" : 279.0,
    "pct3ResTime" : 310.8900000000001,
    "throughput" : 50.34739703957305,
    "receivedKBytesPerSec" : 29.844599612325045,
    "sentKBytesPerSec" : 29.69709747256067
  }
}