{
  "Total" : {
    "transaction" : "Total",
    "sampleCount" : 30,
    "errorCount" : 0,
    "errorPct" : 0.0,
    "meanResTime" : 592.4666666666666,
    "medianResTime" : 298.5,
    "minResTime" : 37.0,
    "maxResTime" : 1680.0,
    "pct1ResTime" : 1551.4,
    "pct2ResTime" : 1645.35,
    "pct3ResTime" : 1680.0,
    "throughput" : 4.518752824220515,
    "receivedKBytesPerSec" : 333.7522593764121,
    "sentKBytesPerSec" : 0.5913211703569815
  },
  "Visit Leadership Page" : {
    "transaction" : "Visit Leadership Page",
    "sampleCount" : 10,
    "errorCount" : 0,
    "errorPct" : 0.0,
    "meanResTime" : 141.49999999999997,
    "medianResTime" : 56.0,
    "minResTime" : 37.0,
    "maxResTime" : 620.0,
    "pct1ResTime" : 580.6000000000001,
    "pct2ResTime" : 620.0,
    "pct3ResTime" : 620.0,
    "throughput" : 2.631578947368421,
    "receivedKBytesPerSec" : 245.98324424342107,
    "sentKBytesPerSec" : 0.36492598684210525
  },
  "Visit Home Page" : {
    "transaction" : "Visit Home Page",
    "sampleCount" : 10,
    "errorCount" : 0,
    "errorPct" : 0.0,
    "meanResTime" : 604.2,
    "medianResTime" : 219.0,
    "minResTime" : 139.0,
    "maxResTime" : 1680.0,
    "pct1ResTime" : 1655.0,
    "pct2ResTime" : 1680.0,
    "pct3ResTime" : 1680.0,
    "throughput" : 1.9573302016050107,
    "receivedKBytesPerSec" : 146.79020784400078,
    "sentKBytesPerSec" : 0.24084336465061656
  },
  "Visit Careers Page" : {
    "transaction" : "Visit Careers Page",
    "sampleCount" : 10,
    "errorCount" : 0,
    "errorPct" : 0.0,
    "meanResTime" : 1031.7,
    "medianResTime" : 1078.0,
    "minResTime" : 352.0,
    "maxResTime" : 1617.0,
    "pct1ResTime" : 1611.1,
    "pct2ResTime" : 1617.0,
    "pct3ResTime" : 1617.0,
    "throughput" : 2.0354162426216162,
    "receivedKBytesPerSec" : 108.09968451048239,
    "sentKBytesPerSec" : 0.266353297374313
  }
}