{
  "Navigate to the login page" : {
    "transaction" : "Navigate to the login page",
    "sampleCount" : 100,
    "errorCount" : 0,
    "errorPct" : 0.0,
    "meanResTime" : 929.72,
    "medianResTime" : 928.0,
    "minResTime" : 868.0,
    "maxResTime" : 1005.0,
    "pct1ResTime" : 966.0,
    "pct2ResTime" : 979.5999999999999,
    "pct3ResTime" : 1004.8799999999999,
    "throughput" : 9.170105456212745,
    "receivedKBytesPerSec" : 72.80096572673087,
    "sentKBytesPerSec" : 4.6746045392022015
  },
  "Click on Login button" : {
    "transaction" : "Click on Login button",
    "sampleCount" : 100,
    "errorCount" : 0,
    "errorPct" : 0.0,
    "meanResTime" : 462.67,
    "medianResTime" : 462.0,
    "minResTime" : 437.0,
    "maxResTime" : 496.0,
    "pct1ResTime" : 480.0,
    "pct2ResTime" : 483.0,
    "pct3ResTime" : 495.95,
    "throughput" : 9.63948332369385,
    "receivedKBytesPerSec" : 93.54572579284749,
    "sentKBytesPerSec" : 12.294106660882976
  },
  "Total" : {
    "transaction" : "Total",
    "sampleCount" : 800,
    "errorCount" : 0,
    "errorPct" : 0.0,
    "meanResTime" : 376.0637499999994,
    "medianResTime" : 237.0,
    "minResTime" : 214.0,
    "maxResTime" : 1005.0,
    "pct1ResTime" : 906.8,
    "pct2ResTime" : 936.0,
    "pct3ResTime" : 969.99,
    "throughput" : 66.006600660066,
    "receivedKBytesPerSec" : 380.45795302186474,
    "sentKBytesPerSec" : 49.97856719265677
  },
  "Click on Login button-0" : {
    "transaction" : "Click on Login button-0",
    "sampleCount" : 100,
    "errorCount" : 0,
    "errorPct" : 0.0,
    "meanResTime" : 229.79000000000013,
    "medianResTime" : 230.0,
    "minResTime" : 215.0,
    "maxResTime" : 246.0,
    "pct1ResTime" : 238.9,
    "pct2ResTime" : 240.0,
    "pct3ResTime" : 245.98,
    "throughput" : 9.849305623953512,
    "receivedKBytesPerSec" : 8.171845759873928,
    "sentKBytesPerSec" : 6.675212991234118
  },
  "TRANSACTION CONTROLLER" : {
    "transaction" : "TRANSACTION CONTROLLER",
    "sampleCount" : 100,
    "errorCount" : 0,
    "errorPct" : 0.0,
    "meanResTime" : 2086.15,
    "medianResTime" : 2087.5,
    "minResTime" : 1963.0,
    "maxResTime" : 2248.0,
    "pct1ResTime" : 2167.9,
    "pct2ResTime" : 2182.9,
    "pct3ResTime" : 2247.7599999999998,
    "throughput" : 8.287063893262617,
    "receivedKBytesPerSec" : 254.15259592276456,
    "sentKBytesPerSec" : 30.322075443357917
  },
  "Click on Login button-1" : {
    "transaction" : "Click on Login button-1",
    "sampleCount" : 100,
    "errorCount" : 0,
    "errorPct" : 0.0,
    "meanResTime" : 232.57,
    "medianResTime" : 232.0,
    "minResTime" : 219.0,
    "maxResTime" : 250.0,
    "pct1ResTime" : 241.0,
    "pct2ResTime" : 243.0,
    "pct3ResTime" : 249.95999999999998,
    "throughput" : 9.862905611993293,
    "receivedKBytesPerSec" : 87.53078305306244,
    "sentKBytesPerSec" : 5.894627182167867
  },
  "Click on Book Appointment button" : {
    "transaction" : "Click on Book Appointment button",
    "sampleCount" : 100,
    "errorCount" : 0,
    "errorPct" : 0.0,
    "meanResTime" : 233.4300000000001,
    "medianResTime" : 232.0,
    "minResTime" : 221.0,
    "maxResTime" : 252.0,
    "pct1ResTime" : 244.0,
    "pct2ResTime" : 247.0,
    "pct3ResTime" : 252.0,
    "throughput" : 9.852216748768473,
    "receivedKBytesPerSec" : 71.79052493842364,
    "sentKBytesPerSec" : 7.3966671798029555
  },
  "Click on Logout button" : {
    "transaction" : "Click on Logout button",
    "sampleCount" : 100,
    "errorCount" : 0,
    "errorPct" : 0.0,
    "meanResTime" : 460.3300000000001,
    "medianResTime" : 460.0,
    "minResTime" : 433.0,
    "maxResTime" : 495.0,
    "pct1ResTime" : 478.9,
    "pct2ResTime" : 483.0,
    "pct3ResTime" : 494.98,
    "throughput" : 9.607070804111826,
    "receivedKBytesPerSec" : 55.12995064367374,
    "sentKBytesPerSec" : 10.789190844461523
  },
  "Click on Logout button-0" : {
    "transaction" : "Click on Logout button-0",
    "sampleCount" : 100,
    "errorCount" : 0,
    "errorPct" : 0.0,
    "meanResTime" : 228.91,
    "medianResTime" : 229.0,
    "minResTime" : 214.0,
    "maxResTime" : 247.0,
    "pct1ResTime" : 238.0,
    "pct2ResTime" : 241.95,
    "pct3ResTime" : 246.98,
    "throughput" : 9.83284169124877,
    "receivedKBytesPerSec" : 8.044109513274336,
    "sentKBytesPerSec" : 5.636599680432645
  },
  "Click on Logout button-1" : {
    "transaction" : "Click on Logout button-1",
    "sampleCount" : 100,
    "errorCount" : 0,
    "errorPct" : 0.0,
    "meanResTime" : 231.09,
    "medianResTime" : 231.0,
    "minResTime" : 217.0,
    "maxResTime" : 249.0,
    "pct1ResTime" : 240.0,
    "pct2ResTime" : 243.0,
    "pct3ResTime" : 248.98,
    "throughput" : 9.821253191907287,
    "receivedKBytesPerSec" : 48.32440213121194,
    "sentKBytesPerSec" : 5.399771042034963
  }
}