Label,# Samples,Average,Min,Max,Std. Dev.,Error %,Throughput,Received KB/sec,Sent KB/sec,Avg. Bytes
Visit Home Page,10,604,139,1680,599.54,0.00%,1.95733,146.79,0.24,76795
Visit Careers Page,10,1031,352,1617,461.39,0.00%,2.03542,108.1,0.27,54384
Visit Leadership Page,10,141,37,620,171.29,0.00%,2.63158,245.98,0.36,95717
TOTAL,30,592,37,1680,576.8,0.00%,4.51875,333.75,0.59,75632
